table,column,data_type,format_example,unit,nullable,source,sdk_field,description,validation_rules,notes
_common,id,UUID v4,550e8400-e29b-41d4-a716-446655440000,,NOT NULL,Server generated,,Unique record identifier. Generated server-side on insert. Never sent by Android.,Must be valid UUID v4. Reject duplicates.,
_common,user_id,UUID v4,550e8400-e29b-41d4-a716-446655440001,,NOT NULL,JWT token (server extracts),,Owner of the record. Extracted from the JWT bearer token on every request. Android never sends this field.,Must match authenticated user.,
_common,device_timestamp,INT64,1.71253E+12,Unix ms (UTC),NOT NULL,Android app,Varies per table  see sdk_field column on each row,When the measurement was taken on the device. Android system clock in UTC milliseconds. Primary time for charting and export.,Must be > 0. Must be <= server receive time + 60000 ms (60s clock skew allowance). Reject future timestamps beyond 60s.,
_common,server_timestamp,INT64,1.71253E+12,Unix ms (UTC),NOT NULL,Server generated,,When the API server received and stored the record. Set by server on insert. Never trusted from client.,Set automatically on insert. Immutable. Read-only.,
_common,source,ENUM string,manual,,NOT NULL,Android app,,How the measurement was initiated.,Allowed values: manual | continuous. Reject all others.,
_common,sync_id,UUID v4,7f3e9a12-b4c1-4d8e-9f2a-1b3c5d7e9f01,,NULLABLE,Android app (generated before upload),,"Client-generated idempotency key. Android creates this UUID before sending and stores it locally. If same sync_id arrives twice (retry), server inserts once and returns 200 on second call instead of 201.",If provided must be UUID v4. Deduplicate within 24h window per user.,
_common,firmware_version,VARCHAR(32),1.0.0.1,,NULLABLE,Android  MyBluetoothReceiver.onCharacteristicRead,Constants.CHAR_FIRMWARE_REVISION UUID,Ring firmware version at time of measurement. Read from BLE characteristic after each connection.,Max 32 chars. Optional.,
_common,hardware_version,VARCHAR(32),HW_v2,,NULLABLE,Android  MyBluetoothReceiver.onCharacteristicRead,Constants.CHAR_HW_REVISION UUID,Ring hardware version at time of measurement.,Max 32 chars. Optional.,
heart_rate,id,UUID v4,550e8400-...,,NOT NULL,Server,,Unique record identifier,UUID v4.,
heart_rate,user_id,UUID v4,550e8400-...,,NOT NULL,JWT,,Record owner,From JWT.,
heart_rate,device_timestamp,INT64,1.71253E+12,Unix ms UTC,NOT NULL,Android,"ReadHeartRateRsp.mUtcTime (int, Unix seconds) * 1000 for continuous. System.currentTimeMillis() at callback for manual.",Measurement time on device. SDK mUtcTime is Unix seconds  multiply by 1000 for ms.,> 0. Not future beyond 60s.,
heart_rate,server_timestamp,INT64,1.71253E+12,Unix ms UTC,NOT NULL,Server,,Server insert time.,Server generated.,
heart_rate,bpm,INT16,72,beats per minute,NOT NULL,Android SDK,"StopHeartRateRsp.value (int) for manual via manualModeHeart. ReadHeartRateRsp.mHeartRateArray[i] (byte, unsigned) for continuous  one point per 5 min. Convert: val bpm = byteVal.toInt() and 0xFF",Heart rate in BPM. SDK value field is int for manual. mHeartRateArray is byte[]  unsigned conversion required for continuous.,Range: 30–250. Reject outside. Zero = no reading  do not store.,
heart_rate,rri,INT32,820,milliseconds,NULLABLE,Android SDK,StopHeartRateRsp.rri (int). Only available on manual measurements.,R-to-R interval in ms. Only from manual measurement. Null for continuous.,Range: 200–2000 ms. Null if continuous or not available.,
heart_rate,source,ENUM,manual,,NOT NULL,Android,,manual or continuous,Allowed: manual | continuous,
heart_rate,sync_id,UUID v4,7f3e9a12-...,,NULLABLE,Android,,Idempotency key,UUID v4 if provided.,
heart_rate,firmware_version,VARCHAR(32),1.0.0.1,,NULLABLE,Android,CHAR_FIRMWARE_REVISION,Ring firmware at measurement,Max 32 chars.,
heart_rate,hardware_version,VARCHAR(32),HW_v2,,NULLABLE,Android,CHAR_HW_REVISION,Ring hardware version,Max 32 chars.,
spo2,id,UUID v4,550e8400-...,,NOT NULL,Server,,Unique record identifier,UUID v4.,
spo2,user_id,UUID v4,550e8400-...,,NOT NULL,JWT,,Record owner,From JWT.,
spo2,device_timestamp,INT64,1.71253E+12,Unix ms UTC,NOT NULL,Android,"BloodOxygenEntity.unix_time (long, Unix seconds) * 1000 for continuous. System.currentTimeMillis() for manual.",Measurement time. BloodOxygenEntity.unix_time is Unix seconds  multiply by 1000.,> 0.,
spo2,server_timestamp,INT64,1.71253E+12,Unix ms UTC,NOT NULL,Server,,Server insert time.,Server generated.,
spo2,percent,INT8,98,% SpO2,NOT NULL,Android SDK,"StopHeartRateRsp.bloodOxygen (int) for manual via manualModeSpO2. BloodOxygenEntity.minArray[hour] or maxArray[hour] (List<Integer>) for hourly continuous  one entry per hour, 24 total. IntervalBloodOxygenEntity.array (List<Integer>) for interval mode  one per minute.","Blood oxygen saturation. SDK returns int directly (not byte) for manual. For continuous hourly, store average of min+max per hour.","Range: 70–100. Values below 70 physiologically implausible  reject. Zero = sensor error, do not store.",
spo2,reading_type,ENUM,hourly,,NOT NULL,Android,,Distinguishes hourly summary from interval per-minute data.,Allowed: manual | hourly | interval,
spo2,interval_minutes,INT16,1,minutes,NULLABLE,Android SDK,IntervalBloodOxygenEntity.interval (int). Null for manual or hourly.,Measurement interval in minutes for interval mode only.,Range: 1–60. Null if manual or hourly.,
spo2,day_index,INT8,0,days ago,NULLABLE,Android SDK,IntervalBloodOxygenEntity.dayIndex (int). 0=today 1=yesterday.,Day offset for interval mode sync. Null for manual.,Range: 0–7.,
spo2,sync_id,UUID v4,7f3e9a12-...,,NULLABLE,Android,,Idempotency key,UUID v4 if provided.,
spo2,firmware_version,VARCHAR(32),1.0.0.1,,NULLABLE,Android,CHAR_FIRMWARE_REVISION,Ring firmware at measurement,Max 32 chars.,
spo2,hardware_version,VARCHAR(32),HW_v2,,NULLABLE,Android,CHAR_HW_REVISION,Ring hardware version,Max 32 chars.,
blood_pressure,id,UUID v4,550e8400-...,,NOT NULL,Server,,Unique record identifier,UUID v4.,
blood_pressure,user_id,UUID v4,550e8400-...,,NOT NULL,JWT,,Record owner,From JWT.,
blood_pressure,device_timestamp,INT64,1.71253E+12,Unix ms UTC,NOT NULL,Android,"StopHeartRateRsp callback time (manual) | BlePressure.time (long, Unix seconds) * 1000 for synced manual history",Measurement time. BlePressure.time is Unix seconds  multiply by 1000.,> 0.,
blood_pressure,server_timestamp,INT64,1.71253E+12,Unix ms UTC,NOT NULL,Server,,Server insert time.,Server generated.,
blood_pressure,systolic,INT16,120,mmHg,NOT NULL,Android SDK (derived),"StopHeartRateRsp.sbp (int) for manual measurement result. Also derivable via CalcBloodPressureByHeart.cal_sbp(hr, age) from StopHeartRateRsp.value. BlePressure.sbp (int) for synced history.",Systolic BP in mmHg. CRITICAL: The ring does NOT measure BP optically. StopHeartRateRsp.sbp is SDK-calculated from the HR signal. This limitation must be disclosed in any UI.,Range: 60–250 mmHg. Reject outside range.,
blood_pressure,diastolic,INT16,80,mmHg,NOT NULL,Android SDK (derived),StopHeartRateRsp.dbp (int) for manual. Also: CalcBloodPressureByHeart.cal_dbp(sbp). BlePressure.dbp (int) for synced history.,Diastolic BP in mmHg. SDK-derived from systolic.,Range: 40–150. Must be < systolic.,
blood_pressure,heart_rate_used,INT32,72,bpm,NULLABLE,Android SDK,StopHeartRateRsp.value (int)  the raw HR reading input to BP derivation. Store for auditability.,The HR value used as input to BP formula. Stored so derivation can be audited or recalculated.,Range: 30–250. Optional but recommended.,
blood_pressure,measurement_type,ENUM,manual_ring,,NOT NULL,Android,,Distinguishes source of BP reading.,Allowed: manual_ring (from manualModeBP) | auto_hourly (from CMD_BP_TIMING_MONITOR_DATA synced via BpDataEntity),
blood_pressure,sync_id,UUID v4,7f3e9a12-...,,NULLABLE,Android,,Idempotency key,UUID v4 if provided.,
blood_pressure,firmware_version,VARCHAR(32),1.0.0.1,,NULLABLE,Android,CHAR_FIRMWARE_REVISION,Ring firmware at measurement,Max 32 chars.,
blood_pressure,hardware_version,VARCHAR(32),HW_v2,,NULLABLE,Android,CHAR_HW_REVISION,Ring hardware version,Max 32 chars.,
temperature,id,UUID v4,550e8400-...,,NOT NULL,Server,,Unique record identifier,UUID v4.,
temperature,user_id,UUID v4,550e8400-...,,NOT NULL,JWT,,Record owner,From JWT.,
temperature,device_timestamp,INT64,1.71253E+12,Unix ms UTC,NOT NULL,Android,"TemperatureOnceEntity.mTime (long, Unix seconds) * 1000 for manual once. TemperatureEntity: cursor_index * mTimeSpan * 60 * 1000 + day_start_ms for continuous. StopHeartRateRsp callback time for manualThreeTemperature.",Measurement time. TemperatureOnceEntity.mTime is Unix seconds  multiply by 1000.,> 0.,
temperature,server_timestamp,INT64,1.71253E+12,Unix ms UTC,NOT NULL,Server,,Server insert time.,Server generated.,
temperature,celsius_primary,"DECIMAL(5,2)",36.6,degrees Celsius,NOT NULL,Android SDK,TemperatureOnceEntity.mValue (float) for manual once  already Celsius. TemperatureEntity.mValues[i] (float) for continuous auto series. IntervalTemperature.value1 (float) from manualThreeTemperature or syncIntervalThreeTemperatureWithCallback. StopHeartRateRsp.temperature (int) / 100.0 for one-click measurement.,Primary sensor temperature in Celsius. Already in Celsius for TemperatureOnceEntity and IntervalTemperature. StopHeartRateRsp.temperature requires divide by 100.,"Range: 30.0–45.0. Reject outside. Zero = sensor error, do not store.",
temperature,celsius_side1,"DECIMAL(5,2)",36.4,degrees Celsius,NULLABLE,Android SDK,TemperatureEntity.mSideValues[i] (float) for continuous. TemperatureOnceEntity.mSideValues (float) for manual once. IntervalTemperature.value2 (float) for three-point.,Secondary sensor temperature. Null for single-sensor measurements.,Range: 30.0–45.0 if present.,
temperature,celsius_side2,"DECIMAL(5,2)",36.5,degrees Celsius,NULLABLE,Android SDK,TemperatureEntity.mSideValues1[i] (float) for continuous. TemperatureOnceEntity.mSideValues1 (float) for manual once. IntervalTemperature.value3 (float) for three-point.,Tertiary sensor temperature. Null for single-sensor measurements.,Range: 30.0–45.0 if present.,
temperature,measurement_mode,ENUM,auto_series,,NOT NULL,Android,,Which SDK path produced this reading.,Allowed: manual_once (startObtainTemperatureOnce) | auto_series (startObtainTemperatureSeries) | three_point (manualThreeTemperature) | interval (syncIntervalThreeTemperatureWithCallback) | one_click (oneClickMeasurement),
temperature,time_span_minutes,INT16,2,minutes,NULLABLE,Android SDK,TemperatureEntity.mTimeSpan (int)  measurement interval in minutes for continuous series.,Interval between readings for auto_series mode. Null for manual modes.,Range: 1–120. Null if not continuous.,
temperature,day_index,INT8,0,days ago,NULLABLE,Android SDK,IntervalTemperatureEntity.dayIndex (int). 0=today 1=yesterday.,Day offset for interval sync. Null for manual.,Range: 0–7.,
temperature,sync_id,UUID v4,7f3e9a12-...,,NULLABLE,Android,,Idempotency key,UUID v4 if provided.,
temperature,firmware_version,VARCHAR(32),1.0.0.1,,NULLABLE,Android,CHAR_FIRMWARE_REVISION,Ring firmware at measurement,Max 32 chars.,
temperature,hardware_version,VARCHAR(32),HW_v2,,NULLABLE,Android,CHAR_HW_REVISION,Ring hardware version,Max 32 chars.,
hrv,id,UUID v4,550e8400-...,,NOT NULL,Server,,Unique record identifier,UUID v4.,
hrv,user_id,UUID v4,550e8400-...,,NOT NULL,JWT,,Record owner,From JWT.,
hrv,device_timestamp,INT64,1.71253E+12,Unix ms UTC,NOT NULL,Android,System.currentTimeMillis() at callback for manual. HRVRsp.today (DateUtil) + range offset for continuous history.,Measurement time.,> 0.,
hrv,server_timestamp,INT64,1.71253E+12,Unix ms UTC,NOT NULL,Server,,Server insert time.,Server generated.,
hrv,ms,INT16,45,milliseconds,NOT NULL,Android SDK,"StopHeartRateRsp.hrv (int) for manual via manualModeHrv. HRVRsp.pressureArray[i] (byte[]) / 10 for synced history via HRVReq  SDK returns raw byte array, divide each element by 10 for actual value.",HRV RMSSD in milliseconds. For synced history: HRVRsp.pressureArray is a byte array  divide each byte by 10 to get the display value. For manual: StopHeartRateRsp.hrv is already the int value.,Range: 1–300. Reject zero for manual (errCode must be 0). Reject > 300.,
hrv,interval_minutes,INT16,30,minutes,NULLABLE,Android SDK,"HRVRsp.range (int)  interval between readings, typically 30 minutes.",Measurement interval for synced history. Null for manual.,Typically 30. Null if manual.,
hrv,day_offset,INT8,0,days ago,NULLABLE,Android SDK,HRVRsp.offset (int). 0=today up to 6.,Day offset used during sync. Null if manual.,Range: 0–6.,
hrv,source,ENUM,manual,,NOT NULL,Android,,manual or continuous,Allowed: manual | continuous,
hrv,sync_id,UUID v4,7f3e9a12-...,,NULLABLE,Android,,Idempotency key,UUID v4 if provided.,
hrv,firmware_version,VARCHAR(32),1.0.0.1,,NULLABLE,Android,CHAR_FIRMWARE_REVISION,Ring firmware at measurement,Max 32 chars.,
hrv,hardware_version,VARCHAR(32),HW_v2,,NULLABLE,Android,CHAR_HW_REVISION,Ring hardware version,Max 32 chars.,
stress,id,UUID v4,550e8400-...,,NOT NULL,Server,,Unique record identifier,UUID v4.,
stress,user_id,UUID v4,550e8400-...,,NOT NULL,JWT,,Record owner,From JWT.,
stress,device_timestamp,INT64,1.71253E+12,Unix ms UTC,NOT NULL,Android,System.currentTimeMillis() at callback for manual. PressureRsp.today + range offset for synced history.,Measurement time.,> 0.,
stress,server_timestamp,INT64,1.71253E+12,Unix ms UTC,NOT NULL,Server,,Server insert time.,Server generated.,
stress,level,INT8,42,0–100 index,NOT NULL,Android SDK,StopHeartRateRsp.stress (int) for manual via manualModePressure. PressureRsp.pressureArray[i] (byte[]) / 10 for synced history via PressureReq  same pattern as HRVRsp.,"Stress/pressure index 0–100. For synced history: PressureRsp.pressureArray byte array, divide each element by 10. Manual: StopHeartRateRsp.stress is the int value directly.",Range: 0–100. Reject outside. Zero from manual with errCode != 0 means failed  do not store.,
stress,interval_minutes,INT16,30,minutes,NULLABLE,Android SDK,PressureRsp.range (int)  typically 30 minutes.,Measurement interval for synced history. Null for manual.,Typically 30. Null if manual.,
stress,day_offset,INT8,0,days ago,NULLABLE,Android SDK,PressureRsp.offset (int). 0=today up to 6.,Day offset used during sync. Null if manual.,Range: 0–6.,
stress,source,ENUM,manual,,NOT NULL,Android,,manual or continuous,Allowed: manual | continuous,
stress,sync_id,UUID v4,7f3e9a12-...,,NULLABLE,Android,,Idempotency key,UUID v4 if provided.,
stress,firmware_version,VARCHAR(32),1.0.0.1,,NULLABLE,Android,CHAR_FIRMWARE_REVISION,Ring firmware at measurement,Max 32 chars.,
stress,hardware_version,VARCHAR(32),HW_v2,,NULLABLE,Android,CHAR_HW_REVISION,Ring hardware version,Max 32 chars.,
activity,id,UUID v4,550e8400-...,,NOT NULL,Server,,Unique record identifier,UUID v4.,
activity,user_id,UUID v4,550e8400-...,,NOT NULL,JWT,,Record owner,From JWT.,
activity,device_timestamp,INT64,1.71253E+12,Unix ms UTC,NOT NULL,Android,"Derived from BleStepTotal.year, month, day fields  convert to midnight UTC milliseconds of that date.",Date of activity as midnight UTC of the calendar day. One record per day.,Must be midnight-aligned UTC. Reject duplicate dates per user.,
activity,server_timestamp,INT64,1.71253E+12,Unix ms UTC,NOT NULL,Server,,Server insert time.,Server generated.,
activity,steps,INT32,8432,steps,NOT NULL,Android SDK,BleStepTotal.totalSteps (int) from TodaySportDataRsp (wraps BleStepTotal internally),Total step count for the day. Cumulative from midnight.,Range: 0–100000. Reject negative.,
activity,running_steps,INT32,1200,steps,NULLABLE,Android SDK,BleStepTotal.runningSteps (int)  aerobic/running step subset,Aerobic step subset of total. Must be <= steps.,Range: 0–steps. Null if not available.,
activity,distance_meters,INT32,6100,meters,NOT NULL,Android SDK,BleStepTotal.walkDistance (int),Walking/running distance for the day in meters.,Range: 0–200000. Reject negative.,
activity,calories_kcal,INT32,420,kcal,NOT NULL,Android SDK,BleStepTotal.calorie (int)  IMPORTANT: SDK unit is small calories (cal). Android must divide by 1000 before sending to API to convert to kcal.,Calories burned in kcal. SDK field calorie is in small calories  divide by 1000 for kcal. Do not store raw SDK value.,Range: 0–10000 kcal. Reject negative.,
activity,active_duration_seconds,INT32,3600,seconds,NOT NULL,Android SDK,BleStepTotal.sportDuration (int),Time in active movement for the day in seconds.,Range: 0–86400. Reject negative.,
activity,sleep_duration_seconds,INT32,27000,seconds,NULLABLE,Android SDK,"BleStepTotal.sleepDuration (int)  rough figure from activity summary, not from sleep sensor detail.",Sleep duration from activity summary. Not the detailed sleep record  see sleep table. Null if not available.,Range: 0–86400.,
activity,days_ago,INT8,0,days ago,NOT NULL,Android SDK,BleStepTotal.daysAgo (int). 0=today 1=yesterday up to 7.,How many days ago relative to sync time. Used to validate device_timestamp alignment.,Range: 0–7.,
activity,sync_id,UUID v4,7f3e9a12-...,,NULLABLE,Android,,Idempotency key,UUID v4 if provided.,
activity,firmware_version,VARCHAR(32),1.0.0.1,,NULLABLE,Android,CHAR_FIRMWARE_REVISION,Ring firmware at sync time,Max 32 chars.,
activity,hardware_version,VARCHAR(32),HW_v2,,NULLABLE,Android,CHAR_HW_REVISION,Ring hardware version,Max 32 chars.,
activity_detail,id,UUID v4,550e8400-...,,NOT NULL,Server,,Unique record identifier,UUID v4.,
activity_detail,user_id,UUID v4,550e8400-...,,NOT NULL,JWT,,Record owner,From JWT.,
activity_detail,device_timestamp,INT64,1.71253E+12,Unix ms UTC,NOT NULL,Android,Derived: date midnight UTC ms + (BleStepDetails.timeIndex * 15 * 60 * 1000). Year/month/day also provided by BleStepDetails directly.,"Start of 15-minute window. timeIndex 0=00:00, 95=23:45.",Must be 15-min aligned. Range: 0–95 for timeIndex.,
activity_detail,server_timestamp,INT64,1.71253E+12,Unix ms UTC,NOT NULL,Server,,Server insert time.,Server generated.,
activity_detail,time_index,INT8,32,0–95,NOT NULL,Android SDK,"BleStepDetails.timeIndex (int)  15-min slot index. 0=00:00 to 00:15, 95=23:45 to 00:00. One data point per 15-min window.",Slot index within the day.,Range: 0–95.,
activity_detail,walk_steps,INT32,240,steps,NOT NULL,Android SDK,BleStepDetails.walkSteps (int),Step count in this 15-minute window.,Range: 0–5000. Reject negative.,
activity_detail,run_steps,INT32,0,steps,NULLABLE,Android SDK,"BleStepDetails.runSteps (int)  SDK notes this field as ""keep for now"" suggesting future use.",Running step count in this window. May be zero or unreliable per SDK documentation.,Range: 0–5000.,
activity_detail,distance_meters,INT32,180,meters,NOT NULL,Android SDK,BleStepDetails.distance (int),Distance in this 15-minute window in meters.,Range: 0–10000.,
activity_detail,calories_small_cal,INT16,12,cal (small calories),NOT NULL,Android SDK,BleStepDetails.calorie (int)  SDK unit is small calories (cal). Store as-is for detail table. Convert to kcal (/1000) only in API responses.,Calories in small calories (cal). Different from activity table which stores kcal. Stored raw here.,Range: 0–1000.,
activity_detail,day_offset,INT8,0,days ago,NOT NULL,Android SDK,ReadDetailSportDataReq dayOffset param. 0=today 1=yesterday up to 7.,Relative day offset used during sync.,Range: 0–7.,
activity_detail,sync_id,UUID v4,7f3e9a12-...,,NULLABLE,Android,,Idempotency key,UUID v4 if provided.,
sleep,id,UUID v4,550e8400-...,,NOT NULL,Server,,Unique record identifier,UUID v4.,
sleep,user_id,UUID v4,550e8400-...,,NOT NULL,JWT,,Record owner,From JWT.,
sleep,device_timestamp,INT64,1.71253E+12,Unix ms UTC,NOT NULL,Android,"SleepNewProtoResp.st (int, Unix seconds) * 1000  sleep session start time.",When sleep session started. SDK st is Unix seconds  multiply by 1000.,Must be > 0. Must be < end_timestamp.,
sleep,server_timestamp,INT64,1.71253E+12,Unix ms UTC,NOT NULL,Server,,Server insert time.,Server generated.,
sleep,start_timestamp,INT64,1.71249E+12,Unix ms UTC,NOT NULL,Android SDK,SleepNewProtoResp.st (int) * 1000,Sleep session start in Unix ms. Same value as device_timestamp. Stored explicitly for direct query.,> 0.,
sleep,end_timestamp,INT64,1.71252E+12,Unix ms UTC,NOT NULL,Android SDK,SleepNewProtoResp.et (int) * 1000,Sleep session end in Unix ms. SDK et is Unix seconds  multiply by 1000.,> start_timestamp. Difference < 86400000 ms (24h).,
sleep,deep_minutes,INT16,90,minutes,NOT NULL,Android SDK (derived),Sum of SleepNewProtoResp.list where DetailBean.t == 3. d field = duration in minutes.,Deep sleep minutes. Summed from stage detail list type=3.,Range: 0–600.,
sleep,light_minutes,INT16,240,minutes,NOT NULL,Android SDK (derived),Sum of SleepNewProtoResp.list where DetailBean.t == 2. d = duration minutes.,Light sleep minutes. Type=2 (shallowDuration in SleepDisplay maps to this).,Range: 0–600.,
sleep,rem_minutes,INT16,80,minutes,NOT NULL,Android SDK (derived),Sum of SleepNewProtoResp.list where DetailBean.t == 4. d = duration minutes.,REM sleep minutes. Type=4 (rapidDuration in SleepDisplay).,Range: 0–300.,
sleep,awake_minutes,INT16,42,minutes,NOT NULL,Android SDK (derived),Sum of SleepNewProtoResp.list where DetailBean.t == 5. d = duration minutes.,Awake time during sleep session. Type=5.,Range: 0–300.,
sleep,not_worn_minutes,INT16,0,minutes,NULLABLE,Android SDK (derived),Sum of SleepNewProtoResp.list where DetailBean.t == 1 (ring removed).,Minutes ring was removed during sleep window. Type=1. Null if none detected.,Range: 0–600. Null if t==1 not present.,
sleep,total_minutes,INT16,452,minutes,NOT NULL (server derived),Server calculates on insert,deep_minutes + light_minutes + rem_minutes + awake_minutes,Total session duration. Server-derived  not sent by Android.,Must equal sum of stage minutes. Range: 1–1440.,
sleep,waking_count,INT16,2,count,NULLABLE,Android SDK,SleepDisplay.wakingCount (int)  number of times woke during sleep. Only available when using SleepDisplay callback path.,Number of wake events. From SleepDisplay (ILargeDataSleepResponse) callback. Null if using SleepNewProtoResp path only.,Range: 0–50.,
sleep,lunch_start_timestamp,INT64,1.71251E+12,Unix ms UTC,NULLABLE,Android SDK,SleepNewProtoResp.lunchSt (int) * 1000. Only present when lunchBreak == true.,Nap start time if detected. Null if no nap (lunchBreak = false).,> start_timestamp if present.,
sleep,lunch_end_timestamp,INT64,1.71251E+12,Unix ms UTC,NULLABLE,Android SDK,SleepNewProtoResp.lunchEt (int) * 1000. Only when lunchBreak == true.,Nap end time. Null if no nap.,> lunch_start_timestamp if present.,
sleep,day_offset,INT8,0,days ago,NOT NULL,Android SDK,LargeDataHandler.syncSleepList offset param. 0=last night 1=night before.,Relative day offset used during sync.,Range: 0–7.,
sleep,sync_id,UUID v4,7f3e9a12-...,,NULLABLE,Android,,Idempotency key,UUID v4 if provided.,
sleep,firmware_version,VARCHAR(32),1.0.0.1,,NULLABLE,Android,CHAR_FIRMWARE_REVISION,Ring firmware at sync time,Max 32 chars.,
sleep,hardware_version,VARCHAR(32),HW_v2,,NULLABLE,Android,CHAR_HW_REVISION,Ring hardware version,Max 32 chars.,
sleep_stage_detail,id,UUID v4,550e8400-...,,NOT NULL,Server,,Unique record identifier,UUID v4.,
sleep_stage_detail,sleep_id,UUID v4,550e8400-...,,NOT NULL,Server FK,,Foreign key to sleep.id.,Must reference valid sleep.id for same user.,
sleep_stage_detail,user_id,UUID v4,550e8400-...,,NOT NULL,JWT,,Denormalised owner for query efficiency.,Must match sleep.user_id.,
sleep_stage_detail,stage_index,INT8,0,,NOT NULL,Android SDK,List index in SleepNewProtoResp.list,Sequential position within sleep session. 0-based.,Range: 0–500.,
sleep_stage_detail,stage_type,INT8,3,,NOT NULL,Android SDK,"SleepNewProtoResp.DetailBean.t (int). Values: 0=not sleeping, 1=ring removed, 2=light sleep, 3=deep sleep, 4=eye movement/REM, 5=awake.",Stage type code from SDK. Matches SDK documentation exactly.,Allowed: 0 | 1 | 2 | 3 | 4 | 5,
sleep_stage_detail,stage_label,VARCHAR(16),deep,,NOT NULL (server derived),Server maps on insert,"Mapped from stage_type: 0=none, 1=removed, 2=light, 3=deep, 4=rem, 5=awake",Human-readable label. Server-derived from stage_type.,Allowed: none | removed | light | deep | rem | awake,
sleep_stage_detail,duration_minutes,INT16,45,minutes,NOT NULL,Android SDK,SleepNewProtoResp.DetailBean.d (int)  duration of this stage segment in minutes.,Duration of this stage segment in minutes.,Range: 1–600. Reject zero or negative.,
sleep_stage_detail,sync_id,UUID v4,7f3e9a12-...,,NULLABLE,Android,,Idempotency key,UUID v4 if provided.,
sport_session,id,UUID v4,550e8400-...,,NOT NULL,Server,,Unique record identifier,UUID v4.,
sport_session,user_id,UUID v4,550e8400-...,,NOT NULL,JWT,,Record owner,From JWT.,
sport_session,device_timestamp,INT64,1.71253E+12,Unix ms UTC,NOT NULL,Android SDK,"SportPlusEntity.mStartTime (int, Unix seconds) * 1000. Also available as trainingStartTime (String) in yyyy-MM-dd HH:mm format set via SportPlusHandle.timeFormat.",Session start time. mStartTime is Unix seconds  multiply by 1000.,> 0.,
sport_session,server_timestamp,INT64,1.71253E+12,Unix ms UTC,NOT NULL,Server,,Server insert time.,Server generated.,
sport_session,start_timestamp,INT64,1.71253E+12,Unix ms UTC,NOT NULL,Android SDK,SportPlusEntity.mStartTime (int) * 1000,Session start in Unix ms.,> 0.,
sport_session,end_timestamp,INT64,1.71254E+12,Unix ms UTC,NOT NULL (derived),Derived: start_timestamp + (SportPlusEntity.mDuration * 1000),SportPlusEntity.mStartTime * 1000 + mDuration * 1000,Session end time derived from start + duration.,> start_timestamp.,
sport_session,sport_type_code,INT16,7,,NOT NULL,Android SDK,SportPlusEntity.mSportType (int). See sport_type_map table for all codes.,Sport type numeric code.,Must be a known code per sport_type_map. Store unknown codes as-is with label Other.,
sport_session,sport_type_label,VARCHAR(64),Running,,NOT NULL (derived),Server maps on insert,Mapped from mSportType via sport_type_map,Human-readable sport name.,Max 64 chars.,
sport_session,duration_seconds,INT32,3600,seconds,NOT NULL,Android SDK,SportPlusEntity.mDuration (int),Session duration in seconds.,Range: 1–86400. Reject zero.,
sport_session,distance_meters,INT32,5000,meters,NULLABLE,Android SDK,SportPlusEntity.mDistance (int),Distance in meters. Null for stationary activities.,Range: 0–500000.,
sport_session,calories_small_cal,"DECIMAL(9,1)",320000,cal (small calories),NULLABLE,Android SDK,SportPlusEntity.mCalories (float). IMPORTANT: SDK type is float in small calories. Divide by 1000 for kcal in API responses.,Calories in small calories. mCalories is a float  store full precision. Divide by 1000 for kcal in responses.,Range: 0–5000000. Null if not measured.,
sport_session,avg_speed_cm_per_s,INT32,220,cm/s,NULLABLE,Android SDK,"SportPlusEntity.mSpeedAvg (int). Divide by 100 for m/s, multiply by 3.6 for km/h in API responses.",Average speed in cm/s. Raw SDK unit.,Range: 0–2000. Null if not applicable.,
sport_session,max_speed_cm_per_s,INT32,350,cm/s,NULLABLE,Android SDK,SportPlusEntity.mSpeedMax (int).,Maximum speed in cm/s.,Range: 0–2000. >= avg_speed if present.,
sport_session,avg_heart_rate,INT32,145,bpm,NULLABLE,Android SDK,SportPlusEntity.mRateAvg (int).,Average heart rate in BPM.,Range: 30–250. Null if not measured.,
sport_session,min_heart_rate,INT32,120,bpm,NULLABLE,Android SDK,SportPlusEntity.mRateMin (int).,Minimum heart rate.,Range: 30–250. <= avg_heart_rate if present.,
sport_session,max_heart_rate,INT32,178,bpm,NULLABLE,Android SDK,SportPlusEntity.mRateMax (int).,Maximum heart rate.,Range: 30–250. >= avg_heart_rate if present.,
sport_session,steps,INT32,6800,steps,NULLABLE,Android SDK,SportPlusEntity.steps (int). Only populated for step-based activities.,"Step count. Only for walking/running/hiking (type 3,4,7,8,41,60). Zero for others per SDK notes.",Range: 0–100000. Null for non-step activities.,
sport_session,cadence_steps_per_min,INT32,168,steps/min,NULLABLE,Android SDK,SportPlusEntity.mStepRate (int).,Average cadence.,Range: 0–300. Null if not applicable.,
sport_session,avg_altitude_cm,INT32,5000,cm,NULLABLE,Android SDK,SportPlusEntity.mElevation (int). Divide by 100 for metres in API responses.,Average altitude in cm.,Null if not GPS activity.,
sport_session,uphill_cm,INT32,120,cm,NULLABLE,Android SDK,SportPlusEntity.mUphill (int).,Cumulative climbing in cm.,Range: 0–1000000. Null if not applicable.,
sport_session,downhill_cm,INT32,80,cm,NULLABLE,Android SDK,SportPlusEntity.mDownhill (int).,Cumulative descent in cm.,Range: 0–1000000. Null if not applicable.,
sport_session,sport_count,INT32,1,count,NULLABLE,Android SDK,SportPlusEntity.mSportCount (int). Meaning varies by sport type.,"Repetition count (e.g. rope skips, swim laps). Sport-type dependent.",Range: 0–100000.,
sport_session,sync_id,UUID v4,7f3e9a12-...,,NULLABLE,Android,,Idempotency key,UUID v4 if provided.,
sport_session,firmware_version,VARCHAR(32),1.0.0.1,,NULLABLE,Android,CHAR_FIRMWARE_REVISION,Ring firmware at sync time,Max 32 chars.,
sport_session,hardware_version,VARCHAR(32),HW_v2,,NULLABLE,Android,CHAR_HW_REVISION,Ring hardware version,Max 32 chars.,
sport_type_map,sport_type_code,INT16,1,,NOT NULL,SDK enum,OdmSportPlusExerciseModelType  SportPlusEntity.mSportType,GPS running,Read-only reference. category: Running,
sport_type_map,sport_type_code,INT16,2,,NOT NULL,SDK enum,OdmSportPlusExerciseModelType  SportPlusEntity.mSportType,GPS cycling,Read-only reference. category: Cycling,
sport_type_map,sport_type_code,INT16,3,,NOT NULL,SDK enum,OdmSportPlusExerciseModelType  SportPlusEntity.mSportType,GPS walking,Read-only reference. category: Walking,
sport_type_map,sport_type_code,INT16,4,,NOT NULL,SDK enum,OdmSportPlusExerciseModelType  SportPlusEntity.mSportType,Indoor running,Read-only reference. category: Running,
sport_type_map,sport_type_code,INT16,5,,NOT NULL,SDK enum,OdmSportPlusExerciseModelType  SportPlusEntity.mSportType,Rope skipping,Read-only reference. category: Other,
sport_type_map,sport_type_code,INT16,6,,NOT NULL,SDK enum,OdmSportPlusExerciseModelType  SportPlusEntity.mSportType,Swimming,Read-only reference. category: Swimming,
sport_type_map,sport_type_code,INT16,7,,NOT NULL,SDK enum,OdmSportPlusExerciseModelType  SportPlusEntity.mSportType,Outdoor running,Read-only reference. category: Running,
sport_type_map,sport_type_code,INT16,8,,NOT NULL,SDK enum,OdmSportPlusExerciseModelType  SportPlusEntity.mSportType,Hiking,Read-only reference. category: Walking,
sport_type_map,sport_type_code,INT16,9,,NOT NULL,SDK enum,OdmSportPlusExerciseModelType  SportPlusEntity.mSportType,Cycling,Read-only reference. category: Cycling,
sport_type_map,sport_type_code,INT16,10,,NOT NULL,SDK enum,OdmSportPlusExerciseModelType  SportPlusEntity.mSportType,Other,Read-only reference. category: Other,
sport_type_map,sport_type_code,INT16,20,,NOT NULL,SDK enum,OdmSportPlusExerciseModelType  SportPlusEntity.mSportType,Climbing,Read-only reference. category: Outdoor,
sport_type_map,sport_type_code,INT16,21,,NOT NULL,SDK enum,OdmSportPlusExerciseModelType  SportPlusEntity.mSportType,Badminton,Read-only reference. category: Ball sports,
sport_type_map,sport_type_code,INT16,22,,NOT NULL,SDK enum,OdmSportPlusExerciseModelType  SportPlusEntity.mSportType,Yoga,Read-only reference. category: Indoor,
sport_type_map,sport_type_code,INT16,23,,NOT NULL,SDK enum,OdmSportPlusExerciseModelType  SportPlusEntity.mSportType,Aerobics,Read-only reference. category: Indoor,
sport_type_map,sport_type_code,INT16,24,,NOT NULL,SDK enum,OdmSportPlusExerciseModelType  SportPlusEntity.mSportType,Spinning,Read-only reference. category: Indoor,
sport_type_map,sport_type_code,INT16,25,,NOT NULL,SDK enum,OdmSportPlusExerciseModelType  SportPlusEntity.mSportType,Kayaking,Read-only reference. category: Water sports,
sport_type_map,sport_type_code,INT16,26,,NOT NULL,SDK enum,OdmSportPlusExerciseModelType  SportPlusEntity.mSportType,Elliptical machine,Read-only reference. category: Indoor,
sport_type_map,sport_type_code,INT16,27,,NOT NULL,SDK enum,OdmSportPlusExerciseModelType  SportPlusEntity.mSportType,Rowing machine,Read-only reference. category: Indoor,
sport_type_map,sport_type_code,INT16,28,,NOT NULL,SDK enum,OdmSportPlusExerciseModelType  SportPlusEntity.mSportType,Table tennis,Read-only reference. category: Ball sports,
sport_type_map,sport_type_code,INT16,29,,NOT NULL,SDK enum,OdmSportPlusExerciseModelType  SportPlusEntity.mSportType,Tennis,Read-only reference. category: Ball sports,
sport_type_map,sport_type_code,INT16,30,,NOT NULL,SDK enum,OdmSportPlusExerciseModelType  SportPlusEntity.mSportType,Golf,Read-only reference. category: Ball sports,
sport_type_map,sport_type_code,INT16,31,,NOT NULL,SDK enum,OdmSportPlusExerciseModelType  SportPlusEntity.mSportType,Basketball,Read-only reference. category: Ball sports,
sport_type_map,sport_type_code,INT16,32,,NOT NULL,SDK enum,OdmSportPlusExerciseModelType  SportPlusEntity.mSportType,Football,Read-only reference. category: Ball sports,
sport_type_map,sport_type_code,INT16,33,,NOT NULL,SDK enum,OdmSportPlusExerciseModelType  SportPlusEntity.mSportType,Volleyball,Read-only reference. category: Ball sports,
sport_type_map,sport_type_code,INT16,34,,NOT NULL,SDK enum,OdmSportPlusExerciseModelType  SportPlusEntity.mSportType,Rock climbing,Read-only reference. category: Outdoor,
sport_type_map,sport_type_code,INT16,35,,NOT NULL,SDK enum,OdmSportPlusExerciseModelType  SportPlusEntity.mSportType,Dance,Read-only reference. category: Indoor,
sport_type_map,sport_type_code,INT16,36,,NOT NULL,SDK enum,OdmSportPlusExerciseModelType  SportPlusEntity.mSportType,Roller skating,Read-only reference. category: Outdoor,
sport_type_map,sport_type_code,INT16,40,,NOT NULL,SDK enum,OdmSportPlusExerciseModelType  SportPlusEntity.mSportType,Treadmill,Read-only reference. category: Running,
sport_type_map,sport_type_code,INT16,41,,NOT NULL,SDK enum,OdmSportPlusExerciseModelType  SportPlusEntity.mSportType,Indoor walking,Read-only reference. category: Walking,
sport_type_map,sport_type_code,INT16,42,,NOT NULL,SDK enum,OdmSportPlusExerciseModelType  SportPlusEntity.mSportType,Trail running,Read-only reference. category: Running,
sport_type_map,sport_type_code,INT16,43,,NOT NULL,SDK enum,OdmSportPlusExerciseModelType  SportPlusEntity.mSportType,Race walking,Read-only reference. category: Running,
sport_type_map,sport_type_code,INT16,44,,NOT NULL,SDK enum,OdmSportPlusExerciseModelType  SportPlusEntity.mSportType,Playground running,Read-only reference. category: Running,
sport_type_map,sport_type_code,INT16,45,,NOT NULL,SDK enum,OdmSportPlusExerciseModelType  SportPlusEntity.mSportType,Fat loss running,Read-only reference. category: Running,
sport_type_map,sport_type_code,INT16,50,,NOT NULL,SDK enum,OdmSportPlusExerciseModelType  SportPlusEntity.mSportType,Outdoor cycling,Read-only reference. category: Cycling,
sport_type_map,sport_type_code,INT16,51,,NOT NULL,SDK enum,OdmSportPlusExerciseModelType  SportPlusEntity.mSportType,Indoor cycling,Read-only reference. category: Cycling,
sport_type_map,sport_type_code,INT16,52,,NOT NULL,SDK enum,OdmSportPlusExerciseModelType  SportPlusEntity.mSportType,Mountain biking,Read-only reference. category: Cycling,
sport_type_map,sport_type_code,INT16,53,,NOT NULL,SDK enum,OdmSportPlusExerciseModelType  SportPlusEntity.mSportType,BMX,Read-only reference. category: Cycling,
sport_type_map,sport_type_code,INT16,55,,NOT NULL,SDK enum,OdmSportPlusExerciseModelType  SportPlusEntity.mSportType,Pool swimming,Read-only reference. category: Swimming,
sport_type_map,sport_type_code,INT16,56,,NOT NULL,SDK enum,OdmSportPlusExerciseModelType  SportPlusEntity.mSportType,Open water swimming,Read-only reference. category: Swimming,
sport_type_map,sport_type_code,INT16,57,,NOT NULL,SDK enum,OdmSportPlusExerciseModelType  SportPlusEntity.mSportType,Fin swimming,Read-only reference. category: Swimming,
sport_type_map,sport_type_code,INT16,58,,NOT NULL,SDK enum,OdmSportPlusExerciseModelType  SportPlusEntity.mSportType,Synchronized swimming,Read-only reference. category: Swimming,
sport_type_map,sport_type_code,INT16,60,,NOT NULL,SDK enum,OdmSportPlusExerciseModelType  SportPlusEntity.mSportType,Outdoor hiking,Read-only reference. category: Outdoor,
sport_type_map,sport_type_code,INT16,61,,NOT NULL,SDK enum,OdmSportPlusExerciseModelType  SportPlusEntity.mSportType,Orienteering,Read-only reference. category: Outdoor,
sport_type_map,sport_type_code,INT16,62,,NOT NULL,SDK enum,OdmSportPlusExerciseModelType  SportPlusEntity.mSportType,Fishing,Read-only reference. category: Leisure,
sport_type_map,sport_type_code,INT16,63,,NOT NULL,SDK enum,OdmSportPlusExerciseModelType  SportPlusEntity.mSportType,Hunting,Read-only reference. category: Outdoor,
sport_type_map,sport_type_code,INT16,64,,NOT NULL,SDK enum,OdmSportPlusExerciseModelType  SportPlusEntity.mSportType,Skateboarding,Read-only reference. category: Outdoor,
sport_type_map,sport_type_code,INT16,65,,NOT NULL,SDK enum,OdmSportPlusExerciseModelType  SportPlusEntity.mSportType,Parkour,Read-only reference. category: Outdoor,
sport_type_map,sport_type_code,INT16,70,,NOT NULL,SDK enum,OdmSportPlusExerciseModelType  SportPlusEntity.mSportType,Marathon,Read-only reference. category: Running,
sport_type_map,sport_type_code,INT16,80,,NOT NULL,SDK enum,OdmSportPlusExerciseModelType  SportPlusEntity.mSportType,Stair climber,Read-only reference. category: Indoor,
sport_type_map,sport_type_code,INT16,81,,NOT NULL,SDK enum,OdmSportPlusExerciseModelType  SportPlusEntity.mSportType,Stepper,Read-only reference. category: Indoor,
sport_type_map,sport_type_code,INT16,82,,NOT NULL,SDK enum,OdmSportPlusExerciseModelType  SportPlusEntity.mSportType,Mixed aerobics,Read-only reference. category: Indoor,
sport_type_map,sport_type_code,INT16,83,,NOT NULL,SDK enum,OdmSportPlusExerciseModelType  SportPlusEntity.mSportType,Kickboxing,Read-only reference. category: Combat,
sport_type_map,sport_type_code,INT16,84,,NOT NULL,SDK enum,OdmSportPlusExerciseModelType  SportPlusEntity.mSportType,Core training,Read-only reference. category: Indoor,
sport_type_map,sport_type_code,INT16,85,,NOT NULL,SDK enum,OdmSportPlusExerciseModelType  SportPlusEntity.mSportType,Cross training,Read-only reference. category: Indoor,
sport_type_map,sport_type_code,INT16,86,,NOT NULL,SDK enum,OdmSportPlusExerciseModelType  SportPlusEntity.mSportType,Indoor fitness,Read-only reference. category: Indoor,
sport_type_map,sport_type_code,INT16,87,,NOT NULL,SDK enum,OdmSportPlusExerciseModelType  SportPlusEntity.mSportType,Group gymnastics,Read-only reference. category: Indoor,
sport_type_map,sport_type_code,INT16,88,,NOT NULL,SDK enum,OdmSportPlusExerciseModelType  SportPlusEntity.mSportType,Strength training,Read-only reference. category: Indoor,
sport_type_map,sport_type_code,INT16,89,,NOT NULL,SDK enum,OdmSportPlusExerciseModelType  SportPlusEntity.mSportType,Gap training,Read-only reference. category: Indoor,
sport_type_map,sport_type_code,INT16,90,,NOT NULL,SDK enum,OdmSportPlusExerciseModelType  SportPlusEntity.mSportType,Free training,Read-only reference. category: Indoor,
sport_type_map,sport_type_code,INT16,91,,NOT NULL,SDK enum,OdmSportPlusExerciseModelType  SportPlusEntity.mSportType,Flexibility training,Read-only reference. category: Indoor,
sport_type_map,sport_type_code,INT16,92,,NOT NULL,SDK enum,OdmSportPlusExerciseModelType  SportPlusEntity.mSportType,Gymnastics,Read-only reference. category: Indoor,
sport_type_map,sport_type_code,INT16,93,,NOT NULL,SDK enum,OdmSportPlusExerciseModelType  SportPlusEntity.mSportType,Stretching,Read-only reference. category: Indoor,
sport_type_map,sport_type_code,INT16,94,,NOT NULL,SDK enum,OdmSportPlusExerciseModelType  SportPlusEntity.mSportType,Pilates,Read-only reference. category: Indoor,
sport_type_map,sport_type_code,INT16,95,,NOT NULL,SDK enum,OdmSportPlusExerciseModelType  SportPlusEntity.mSportType,Horizontal bar,Read-only reference. category: Indoor,
sport_type_map,sport_type_code,INT16,96,,NOT NULL,SDK enum,OdmSportPlusExerciseModelType  SportPlusEntity.mSportType,Parallel bars,Read-only reference. category: Indoor,
sport_type_map,sport_type_code,INT16,97,,NOT NULL,SDK enum,OdmSportPlusExerciseModelType  SportPlusEntity.mSportType,Battle rope,Read-only reference. category: Indoor,
sport_type_map,sport_type_code,INT16,98,,NOT NULL,SDK enum,OdmSportPlusExerciseModelType  SportPlusEntity.mSportType,Fitness,Read-only reference. category: Indoor,
sport_type_map,sport_type_code,INT16,99,,NOT NULL,SDK enum,OdmSportPlusExerciseModelType  SportPlusEntity.mSportType,Balance training,Read-only reference. category: Indoor,
sport_type_map,sport_type_code,INT16,100,,NOT NULL,SDK enum,OdmSportPlusExerciseModelType  SportPlusEntity.mSportType,Step training,Read-only reference. category: Indoor,
sport_type_map,sport_type_code,INT16,110,,NOT NULL,SDK enum,OdmSportPlusExerciseModelType  SportPlusEntity.mSportType,Square dance,Read-only reference. category: Dance,
sport_type_map,sport_type_code,INT16,111,,NOT NULL,SDK enum,OdmSportPlusExerciseModelType  SportPlusEntity.mSportType,Ballroom dancing,Read-only reference. category: Dance,
sport_type_map,sport_type_code,INT16,112,,NOT NULL,SDK enum,OdmSportPlusExerciseModelType  SportPlusEntity.mSportType,Belly dance,Read-only reference. category: Dance,
sport_type_map,sport_type_code,INT16,113,,NOT NULL,SDK enum,OdmSportPlusExerciseModelType  SportPlusEntity.mSportType,Ballet,Read-only reference. category: Dance,
sport_type_map,sport_type_code,INT16,114,,NOT NULL,SDK enum,OdmSportPlusExerciseModelType  SportPlusEntity.mSportType,Street dance,Read-only reference. category: Dance,
sport_type_map,sport_type_code,INT16,115,,NOT NULL,SDK enum,OdmSportPlusExerciseModelType  SportPlusEntity.mSportType,Zumba,Read-only reference. category: Dance,
sport_type_map,sport_type_code,INT16,116,,NOT NULL,SDK enum,OdmSportPlusExerciseModelType  SportPlusEntity.mSportType,Latin dance,Read-only reference. category: Dance,
sport_type_map,sport_type_code,INT16,117,,NOT NULL,SDK enum,OdmSportPlusExerciseModelType  SportPlusEntity.mSportType,Jazz dance,Read-only reference. category: Dance,
sport_type_map,sport_type_code,INT16,118,,NOT NULL,SDK enum,OdmSportPlusExerciseModelType  SportPlusEntity.mSportType,Hip-hop dance,Read-only reference. category: Dance,
sport_type_map,sport_type_code,INT16,119,,NOT NULL,SDK enum,OdmSportPlusExerciseModelType  SportPlusEntity.mSportType,Pole dancing,Read-only reference. category: Dance,
sport_type_map,sport_type_code,INT16,120,,NOT NULL,SDK enum,OdmSportPlusExerciseModelType  SportPlusEntity.mSportType,Break dance,Read-only reference. category: Dance,
sport_type_map,sport_type_code,INT16,121,,NOT NULL,SDK enum,OdmSportPlusExerciseModelType  SportPlusEntity.mSportType,Folk dance,Read-only reference. category: Dance,
sport_type_map,sport_type_code,INT16,122,,NOT NULL,SDK enum,OdmSportPlusExerciseModelType  SportPlusEntity.mSportType,Music dance,Read-only reference. category: Dance,
sport_type_map,sport_type_code,INT16,123,,NOT NULL,SDK enum,OdmSportPlusExerciseModelType  SportPlusEntity.mSportType,Modern dance,Read-only reference. category: Dance,
sport_type_map,sport_type_code,INT16,124,,NOT NULL,SDK enum,OdmSportPlusExerciseModelType  SportPlusEntity.mSportType,Disco,Read-only reference. category: Dance,
sport_type_map,sport_type_code,INT16,125,,NOT NULL,SDK enum,OdmSportPlusExerciseModelType  SportPlusEntity.mSportType,Tap dance,Read-only reference. category: Dance,
sport_type_map,sport_type_code,INT16,126,,NOT NULL,SDK enum,OdmSportPlusExerciseModelType  SportPlusEntity.mSportType,Other dance,Read-only reference. category: Dance,
sport_type_map,sport_type_code,INT16,130,,NOT NULL,SDK enum,OdmSportPlusExerciseModelType  SportPlusEntity.mSportType,Boxing,Read-only reference. category: Combat,
sport_type_map,sport_type_code,INT16,131,,NOT NULL,SDK enum,OdmSportPlusExerciseModelType  SportPlusEntity.mSportType,Wrestling,Read-only reference. category: Combat,
sport_type_map,sport_type_code,INT16,132,,NOT NULL,SDK enum,OdmSportPlusExerciseModelType  SportPlusEntity.mSportType,Martial arts,Read-only reference. category: Combat,
sport_type_map,sport_type_code,INT16,133,,NOT NULL,SDK enum,OdmSportPlusExerciseModelType  SportPlusEntity.mSportType,Tai Chi,Read-only reference. category: Combat,
sport_type_map,sport_type_code,INT16,134,,NOT NULL,SDK enum,OdmSportPlusExerciseModelType  SportPlusEntity.mSportType,Muay Thai,Read-only reference. category: Combat,
sport_type_map,sport_type_code,INT16,135,,NOT NULL,SDK enum,OdmSportPlusExerciseModelType  SportPlusEntity.mSportType,Judo,Read-only reference. category: Combat,
sport_type_map,sport_type_code,INT16,136,,NOT NULL,SDK enum,OdmSportPlusExerciseModelType  SportPlusEntity.mSportType,Taekwondo,Read-only reference. category: Combat,
sport_type_map,sport_type_code,INT16,137,,NOT NULL,SDK enum,OdmSportPlusExerciseModelType  SportPlusEntity.mSportType,Karate,Read-only reference. category: Combat,
sport_type_map,sport_type_code,INT16,138,,NOT NULL,SDK enum,OdmSportPlusExerciseModelType  SportPlusEntity.mSportType,Free fighting,Read-only reference. category: Combat,
sport_type_map,sport_type_code,INT16,139,,NOT NULL,SDK enum,OdmSportPlusExerciseModelType  SportPlusEntity.mSportType,Swordsmanship,Read-only reference. category: Combat,
sport_type_map,sport_type_code,INT16,140,,NOT NULL,SDK enum,OdmSportPlusExerciseModelType  SportPlusEntity.mSportType,Jiu-Jitsu,Read-only reference. category: Combat,
sport_type_map,sport_type_code,INT16,141,,NOT NULL,SDK enum,OdmSportPlusExerciseModelType  SportPlusEntity.mSportType,Fencing,Read-only reference. category: Combat,
sport_type_map,sport_type_code,INT16,142,,NOT NULL,SDK enum,OdmSportPlusExerciseModelType  SportPlusEntity.mSportType,Kendo,Read-only reference. category: Combat,
sport_type_map,sport_type_code,INT16,150,,NOT NULL,SDK enum,OdmSportPlusExerciseModelType  SportPlusEntity.mSportType,Beach football,Read-only reference. category: Ball sports,
sport_type_map,sport_type_code,INT16,151,,NOT NULL,SDK enum,OdmSportPlusExerciseModelType  SportPlusEntity.mSportType,Beach volleyball,Read-only reference. category: Ball sports,
sport_type_map,sport_type_code,INT16,152,,NOT NULL,SDK enum,OdmSportPlusExerciseModelType  SportPlusEntity.mSportType,Baseball,Read-only reference. category: Ball sports,
sport_type_map,sport_type_code,INT16,153,,NOT NULL,SDK enum,OdmSportPlusExerciseModelType  SportPlusEntity.mSportType,Softball,Read-only reference. category: Ball sports,
sport_type_map,sport_type_code,INT16,154,,NOT NULL,SDK enum,OdmSportPlusExerciseModelType  SportPlusEntity.mSportType,Rugby,Read-only reference. category: Ball sports,
sport_type_map,sport_type_code,INT16,155,,NOT NULL,SDK enum,OdmSportPlusExerciseModelType  SportPlusEntity.mSportType,Hockey,Read-only reference. category: Ball sports,
sport_type_map,sport_type_code,INT16,156,,NOT NULL,SDK enum,OdmSportPlusExerciseModelType  SportPlusEntity.mSportType,Squash,Read-only reference. category: Ball sports,
sport_type_map,sport_type_code,INT16,157,,NOT NULL,SDK enum,OdmSportPlusExerciseModelType  SportPlusEntity.mSportType,Gateball,Read-only reference. category: Ball sports,
sport_type_map,sport_type_code,INT16,158,,NOT NULL,SDK enum,OdmSportPlusExerciseModelType  SportPlusEntity.mSportType,Cricket,Read-only reference. category: Ball sports,
sport_type_map,sport_type_code,INT16,159,,NOT NULL,SDK enum,OdmSportPlusExerciseModelType  SportPlusEntity.mSportType,Handball,Read-only reference. category: Ball sports,
sport_type_map,sport_type_code,INT16,160,,NOT NULL,SDK enum,OdmSportPlusExerciseModelType  SportPlusEntity.mSportType,Bowling,Read-only reference. category: Ball sports,
sport_type_map,sport_type_code,INT16,161,,NOT NULL,SDK enum,OdmSportPlusExerciseModelType  SportPlusEntity.mSportType,Polo,Read-only reference. category: Ball sports,
sport_type_map,sport_type_code,INT16,162,,NOT NULL,SDK enum,OdmSportPlusExerciseModelType  SportPlusEntity.mSportType,Racquetball,Read-only reference. category: Ball sports,
sport_type_map,sport_type_code,INT16,163,,NOT NULL,SDK enum,OdmSportPlusExerciseModelType  SportPlusEntity.mSportType,Billiards,Read-only reference. category: Ball sports,
sport_type_map,sport_type_code,INT16,164,,NOT NULL,SDK enum,OdmSportPlusExerciseModelType  SportPlusEntity.mSportType,Sepak takraw,Read-only reference. category: Ball sports,
sport_type_map,sport_type_code,INT16,165,,NOT NULL,SDK enum,OdmSportPlusExerciseModelType  SportPlusEntity.mSportType,Dodgeball,Read-only reference. category: Ball sports,
sport_type_map,sport_type_code,INT16,166,,NOT NULL,SDK enum,OdmSportPlusExerciseModelType  SportPlusEntity.mSportType,Water polo,Read-only reference. category: Water sports,
sport_type_map,sport_type_code,INT16,167,,NOT NULL,SDK enum,OdmSportPlusExerciseModelType  SportPlusEntity.mSportType,Ice hockey,Read-only reference. category: Ball sports,
sport_type_map,sport_type_code,INT16,168,,NOT NULL,SDK enum,OdmSportPlusExerciseModelType  SportPlusEntity.mSportType,Shuttlecock,Read-only reference. category: Ball sports,
sport_type_map,sport_type_code,INT16,169,,NOT NULL,SDK enum,OdmSportPlusExerciseModelType  SportPlusEntity.mSportType,Indoor football,Read-only reference. category: Ball sports,
sport_type_map,sport_type_code,INT16,180,,NOT NULL,SDK enum,OdmSportPlusExerciseModelType  SportPlusEntity.mSportType,Outdoor rowing,Read-only reference. category: Water sports,
sport_type_map,sport_type_code,INT16,181,,NOT NULL,SDK enum,OdmSportPlusExerciseModelType  SportPlusEntity.mSportType,Sailing,Read-only reference. category: Water sports,
sport_type_map,sport_type_code,INT16,182,,NOT NULL,SDK enum,OdmSportPlusExerciseModelType  SportPlusEntity.mSportType,Dragon boat,Read-only reference. category: Water sports,
sport_type_map,sport_type_code,INT16,183,,NOT NULL,SDK enum,OdmSportPlusExerciseModelType  SportPlusEntity.mSportType,Surfing,Read-only reference. category: Water sports,
sport_type_map,sport_type_code,INT16,184,,NOT NULL,SDK enum,OdmSportPlusExerciseModelType  SportPlusEntity.mSportType,Kite surfing,Read-only reference. category: Water sports,
sport_type_map,sport_type_code,INT16,185,,NOT NULL,SDK enum,OdmSportPlusExerciseModelType  SportPlusEntity.mSportType,Paddling,Read-only reference. category: Water sports,
sport_type_map,sport_type_code,INT16,186,,NOT NULL,SDK enum,OdmSportPlusExerciseModelType  SportPlusEntity.mSportType,Paddleboard surfing,Read-only reference. category: Water sports,
sport_type_map,sport_type_code,INT16,187,,NOT NULL,SDK enum,OdmSportPlusExerciseModelType  SportPlusEntity.mSportType,Indoor surfing,Read-only reference. category: Water sports,
sport_type_map,sport_type_code,INT16,188,,NOT NULL,SDK enum,OdmSportPlusExerciseModelType  SportPlusEntity.mSportType,Rafting,Read-only reference. category: Water sports,
sport_type_map,sport_type_code,INT16,189,,NOT NULL,SDK enum,OdmSportPlusExerciseModelType  SportPlusEntity.mSportType,Snorkeling,Read-only reference. category: Water sports,
sport_type_map,sport_type_code,INT16,190,,NOT NULL,SDK enum,OdmSportPlusExerciseModelType  SportPlusEntity.mSportType,Skiing,Read-only reference. category: Snow,
sport_type_map,sport_type_code,INT16,191,,NOT NULL,SDK enum,OdmSportPlusExerciseModelType  SportPlusEntity.mSportType,Snowboarding,Read-only reference. category: Snow,
sport_type_map,sport_type_code,INT16,192,,NOT NULL,SDK enum,OdmSportPlusExerciseModelType  SportPlusEntity.mSportType,Alpine skiing,Read-only reference. category: Snow,
sport_type_map,sport_type_code,INT16,193,,NOT NULL,SDK enum,OdmSportPlusExerciseModelType  SportPlusEntity.mSportType,Cross-country skiing,Read-only reference. category: Snow,
sport_type_map,sport_type_code,INT16,194,,NOT NULL,SDK enum,OdmSportPlusExerciseModelType  SportPlusEntity.mSportType,Ski orienteering,Read-only reference. category: Snow,
sport_type_map,sport_type_code,INT16,195,,NOT NULL,SDK enum,OdmSportPlusExerciseModelType  SportPlusEntity.mSportType,Biathlon,Read-only reference. category: Snow,
sport_type_map,sport_type_code,INT16,196,,NOT NULL,SDK enum,OdmSportPlusExerciseModelType  SportPlusEntity.mSportType,Outdoor skating,Read-only reference. category: Snow,
sport_type_map,sport_type_code,INT16,197,,NOT NULL,SDK enum,OdmSportPlusExerciseModelType  SportPlusEntity.mSportType,Indoor skating,Read-only reference. category: Snow,
sport_type_map,sport_type_code,INT16,198,,NOT NULL,SDK enum,OdmSportPlusExerciseModelType  SportPlusEntity.mSportType,Curling,Read-only reference. category: Snow,
sport_type_map,sport_type_code,INT16,199,,NOT NULL,SDK enum,OdmSportPlusExerciseModelType  SportPlusEntity.mSportType,Bobsleigh,Read-only reference. category: Snow,
sport_type_map,sport_type_code,INT16,200,,NOT NULL,SDK enum,OdmSportPlusExerciseModelType  SportPlusEntity.mSportType,Sled,Read-only reference. category: Snow,
sport_type_map,sport_type_code,INT16,201,,NOT NULL,SDK enum,OdmSportPlusExerciseModelType  SportPlusEntity.mSportType,Snowmobile,Read-only reference. category: Snow,
sport_type_map,sport_type_code,INT16,202,,NOT NULL,SDK enum,OdmSportPlusExerciseModelType  SportPlusEntity.mSportType,Snowshoe hiking,Read-only reference. category: Snow,
sport_type_map,sport_type_code,INT16,210,,NOT NULL,SDK enum,OdmSportPlusExerciseModelType  SportPlusEntity.mSportType,Hula hoop,Read-only reference. category: Leisure,
sport_type_map,sport_type_code,INT16,211,,NOT NULL,SDK enum,OdmSportPlusExerciseModelType  SportPlusEntity.mSportType,Frisbee,Read-only reference. category: Leisure,
sport_type_map,sport_type_code,INT16,212,,NOT NULL,SDK enum,OdmSportPlusExerciseModelType  SportPlusEntity.mSportType,Darts,Read-only reference. category: Leisure,
sport_type_map,sport_type_code,INT16,213,,NOT NULL,SDK enum,OdmSportPlusExerciseModelType  SportPlusEntity.mSportType,Kite flying,Read-only reference. category: Leisure,
sport_type_map,sport_type_code,INT16,214,,NOT NULL,SDK enum,OdmSportPlusExerciseModelType  SportPlusEntity.mSportType,Tug of war,Read-only reference. category: Leisure,
sport_type_map,sport_type_code,INT16,215,,NOT NULL,SDK enum,OdmSportPlusExerciseModelType  SportPlusEntity.mSportType,Esports,Read-only reference. category: Leisure,
sport_type_map,sport_type_code,INT16,221,,NOT NULL,SDK enum,OdmSportPlusExerciseModelType  SportPlusEntity.mSportType,Bungee jumping,Read-only reference. category: Leisure,
sport_type_map,sport_type_code,INT16,222,,NOT NULL,SDK enum,OdmSportPlusExerciseModelType  SportPlusEntity.mSportType,Skydiving,Read-only reference. category: Leisure,
device,id,UUID v4,550e8400-...,,NOT NULL,Server,,Unique device record identifier,UUID v4.,
device,user_id,UUID v4,550e8400-...,,NOT NULL,JWT,,Owner of this device.,One user can register multiple devices.,
device,mac_address,VARCHAR(17),E7:E9:42:AE:59:1B,,NOT NULL,Android SDK,BluetoothDevice.address from BleScannerHelper scan callback or BleOperateManager.connectStatue,Bluetooth MAC address. Primary device identifier.,Format: XX:XX:XX:XX:XX:XX uppercase colon-separated. Unique per user.,
device,device_name,VARCHAR(64),Q_Ring_01,,NULLABLE,Android SDK,BluetoothDevice.name from scan callback or connectStatue callback,Bluetooth advertised name.,Max 64 chars.,
device,firmware_version,VARCHAR(32),1.0.0.1,,NULLABLE,Android SDK,Constants.CHAR_FIRMWARE_REVISION BLE characteristic read via onCharacteristicRead in QCBluetoothCallbackCloneReceiver,Latest firmware version. Updated on each connection.,Max 32 chars.,
device,hardware_version,VARCHAR(32),HW_v2,,NULLABLE,Android SDK,Constants.CHAR_HW_REVISION BLE characteristic read via onCharacteristicRead,Latest hardware version.,Max 32 chars.,
device,battery_percent,INT8,82,%,NULLABLE,Android SDK,BatteryRsp.batteryValue (int) from CMD_GET_DEVICE_ELECTRICITY_VALUE,Last known battery 0–100. Updated on sync.,Range: 0–100.,
device,is_charging,BOOLEAN,FALSE,,NULLABLE,Android SDK,BatteryRsp.charging (boolean),Whether ring is currently charging. Updated with battery reading.,true or false.,
device,supports_temperature,BOOLEAN,TRUE,,NULLABLE,Android SDK,SetTimeRsp.mSupportTemperature (boolean) returned in SetTimeReq callback,Ring capability flag from SDK. Read after connection.,true or false.,
device,supports_hrv,BOOLEAN,TRUE,,NULLABLE,Android SDK,SetTimeRsp.mSupportHrv (boolean),Ring capability flag.,true or false.,
device,supports_blood_oxygen,BOOLEAN,TRUE,,NULLABLE,Android SDK,SetTimeRsp.mSupportBloodOxygen (boolean),Ring capability flag.,true or false.,
device,supports_blood_pressure,BOOLEAN,TRUE,,NULLABLE,Android SDK,SetTimeRsp.mSupportBloodPressure (boolean),Ring capability flag.,true or false.,
device,supports_one_key_check,BOOLEAN,FALSE,,NULLABLE,Android SDK,SetTimeRsp.mSupportOneKeyCheck (boolean),One-click measurement capability flag.,true or false.,
device,last_connected_at,INT64,1.71253E+12,Unix ms UTC,NULLABLE,Server,,Server time of last successful sync.,Updated on each sync.,
device,first_registered_at,INT64,1.7121E+12,Unix ms UTC,NOT NULL,Server,,When device first registered.,Immutable. Server set.,
device,is_active,BOOLEAN,TRUE,,NOT NULL,Server,,Currently active device for user.,Only one true per user_id.,
users,id,UUID v4,550e8400-...,,NOT NULL,Server,,Unique user identifier,UUID v4. Server generated.,
users,email,VARCHAR(254),user@example.com,,NOT NULL,Client,,Login email. Stored lowercase.,Valid email. Max 254 chars. Unique. Lowercase enforced.,
users,password_hash,VARCHAR(128),$2b$12$...,,NOT NULL,Server (bcrypt),,bcrypt hash. Never log or return.,bcrypt cost >= 12. Never in API responses.,
users,name,VARCHAR(128),Jane Smith,,NULLABLE,Client,,Display name.,Max 128 chars.,
users,created_at,INT64,1.7121E+12,Unix ms UTC,NOT NULL,Server,,Account creation time.,Immutable.,
users,last_login_at,INT64,1.71253E+12,Unix ms UTC,NULLABLE,Server,,Last successful login.,Updated on login.,
users,age,INT8,32,years,NULLABLE,Client (Settings screen),TimeFormatReq age param | UserProfileRsp.age (int),"User age. Used as input to CalcBloodPressureByHeart.cal_sbp(hr, age). Required for accurate BP derivation.",Range: 1–120. Should be set before any BP measurements.,
users,height_cm,INT16,170,cm,NULLABLE,Client (Settings screen),TimeFormatReq height param | UserProfileRsp.height (int),User height in cm. Synced to ring via TimeFormatReq.,Range: 50–300.,
users,weight_kg,INT16,65,kg,NULLABLE,Client (Settings screen),TimeFormatReq weight param | UserProfileRsp.weight (int),User weight in kg. Synced to ring.,Range: 10–500.,
users,gender_male,BOOLEAN,TRUE,,NULLABLE,Client (Settings screen),TimeFormatReq: mSex param 0=male 1=female. UserProfileRsp.gender (boolean)  true=male false=female.,"Gender as boolean. True=male, false=female. Maps to UserProfileRsp.gender (boolean) confirmed in bytecode.","true=male, false=female.",
users,is_24h_format,BOOLEAN,TRUE,,NULLABLE,Client (Settings screen),TimeFormatReq m24Format param (true=24h) | UserProfileRsp.is24 (boolean),"Ring display time format. True=24h, false=12h.",true or false.,
users,is_metric,BOOLEAN,TRUE,,NULLABLE,Client (Settings screen),TimeFormatReq: metric param 0=metric 1=imperial. UserProfileRsp.metric (boolean)  true=metric.,Unit system for ring display.,"true=metric, false=imperial.",
users,goal_steps,INT32,10000,steps/day,NULLABLE,Client (Settings screen),TargetSettingReq step param,Daily step goal synced to ring.,Range: 100–100000.,
users,goal_calories_kcal,INT32,500,kcal/day,NULLABLE,Client (Settings screen),TargetSettingReq calorie param  IMPORTANT: SDK expects small calories. Multiply goal_calories_kcal * 1000 before passing to SDK.,Daily calorie burn goal in kcal. Must multiply by 1000 when writing to ring via TargetSettingReq.,Range: 100–10000.,
users,goal_distance_meters,INT32,5000,meters/day,NULLABLE,Client (Settings screen),TargetSettingReq distance param,Daily distance goal in metres.,Range: 100–200000.,
users,goal_active_minutes,INT32,30,minutes/day,NULLABLE,Client (Settings screen),TargetSettingReq sportMinute param,Daily active minutes goal.,Range: 1–1440.,
users,baseline_sbp,INT16,120,mmHg,NULLABLE,Client (Settings screen),TimeFormatReq sbp param (baseline systolic for BP calibration) | UserProfileRsp.sbp (int),Baseline systolic BP used to calibrate ring BP derivation. Recommended to set for accuracy.,Range: 60–250.,
users,baseline_dbp,INT16,80,mmHg,NULLABLE,Client (Settings screen),TimeFormatReq dbp param | UserProfileRsp.dbp (int),Baseline diastolic BP for calibration.,Range: 40–150. Must be < baseline_sbp.,
api_batch_upload,envelope_id,UUID v4,7f3e9a12-...,,NOT NULL,Android (generated before send),,Idempotency key for the entire batch. Android generates before sending. Safe to retry  server processes once within 24h window.,UUID v4. Deduplicate within 24h per user.,
api_batch_upload,records,JSON array,"[{""type"":""heart_rate"",""bpm"":72,...}]",,NOT NULL,Android,,Array of health records of any supported type. Each element must include a type field.,Max 500 records per batch. Max payload 5 MB.,
api_batch_upload,type (per record element),ENUM string,heart_rate,,NOT NULL per record,Android,,Tells the API which table to route the record to.,Allowed: heart_rate | spo2 | blood_pressure | temperature | hrv | stress | activity | activity_detail | sleep | sport_session,
api_batch_upload,recorded_at_range_start,INT64,1.71245E+12,Unix ms UTC,NULLABLE,Android,,Earliest device_timestamp across all records in batch. Helps server validate batch sanity.,If provided must be <= recorded_at_range_end.,
api_batch_upload,recorded_at_range_end,INT64,1.71253E+12,Unix ms UTC,NULLABLE,Android,,Latest device_timestamp across all records in batch.,If provided must be >= recorded_at_range_start.,
